Title,Difficulty,NormalType,NormalTier,HardType,HardTier
A,ANOTHER,지력,F,지력,F
A MINSTREL ～ ver.short-scape ～,LEGGENDARIA,지력,B,지력,B
AA,ANOTHER,지력,D,지력,D
AA -rebuild-,ANOTHER,지력,B,지력,B
ABSOLUTE EVIL,ANOTHER,지력,A,지력,A
ACTØ,ANOTHER,지력,D,지력,C
Adularia,ANOTHER,개인차,C,개인차,D
Aftermath,ANOTHER,지력,C,지력,B
AIR RAID FROM THA UNDAGROUND,LEGGENDARIA,개인차,A,개인차,B+
AKASHIC BREAK,ANOTHER,지력,C,지력,C
ALBA -黎明-,LEGGENDARIA,지력,B+,개인차,A
ALBIDA,ANOTHER,지력,D,지력,D
Almagest,ANOTHER,지력,A+,지력,S
ALTERNATOR,ANOTHER,지력,A,지력,A
Always We Trust In You,ANOTHER,지력,C,지력,B
Amazing Mirage,LEGGENDARIA,지력,C,지력,B
Ambivalent Vermilia,ANOTHER,지력,A+,지력,S
Amor∞Fati,ANOTHER,지력,A+,지력,A+
ANCHOR,ANOTHER,지력,B+,지력,A
Ancient Scapes,ANOTHER,지력,C,지력,C
Ancient Scapes,LEGGENDARIA,지력,A+,지력,A+
Angel's Ladder,ANOTHER,지력,B,지력,B
"Anisakis-somatic mutation type ""Forza""-",LEGGENDARIA,지력,A+,지력,A+
Antigravity,ANOTHER,지력,B+,개인차,A
AO-1,ANOTHER,개인차,B,지력,B
Apocalypse,ANOTHER,지력,E,지력,E
Aqvion,ANOTHER,지력,D,지력,D
Arabian Rave Night,LEGGENDARIA,지력,C,지력,B
Arca,ANOTHER,지력,E,지력,E
Arkadia,ANOTHER,지력,B,지력,B+
Artist,ANOTHER,지력,A,지력,A
ASIAN VIRTUAL REALITIES (MELTING TOGETHER IN DAZZLING DARKNESS),ANOTHER,지력,B,지력,B+
Astra Blaze,ANOTHER,지력,D,지력,D
B.O.D.Y.,ANOTHER,개인차,C,개인차,C
B4U(BEMANI FOR YOU MIX),LEGGENDARIA,지력,A+,지력,A+
Bad Encryption,ANOTHER,지력,A+,지력,S
Bad Maniacs,ANOTHER,지력,A,지력,A
Be quiet,LEGGENDARIA,개인차,B+,개인차,A+
BEAT PRISONER,ANOTHER,지력,A,지력,A
Beat Radiance,LEGGENDARIA,지력,D,지력,D
Begin,ANOTHER,지력,D,지력,D
Beyond Evolution,ANOTHER,지력,S+,지력,S+
BIGソムタム,ANOTHER,지력,D,지력,E
BIGWAVERS,ANOTHER,지력,B,지력,B
Binary Black Hole,ANOTHER,지력,S,지력,S
BITTER CHOCOLATE STRIKER,ANOTHER,지력,B,지력,B
BLACK or WHITE?,ANOTHER,지력,A,지력,A
BLACK.by X-Cross Fade,ANOTHER,개인차,A+,개인차,S
BLAZING_LAZER,ANOTHER,지력,D,지력,B
BLUE DRAGON(雷龍RemixIIDX),ANOTHER,지력,B,지력,B+
BLUE MIRAGE,ANOTHER,개인차,C,개인차,A
Blue Rain,LEGGENDARIA,지력,A,지력,A
Blue Spring Express,ANOTHER,지력,A+,지력,A+
Boomy and The Boost,ANOTHER,개인차,B+,지력,A
Bow shock!!,LEGGENDARIA,지력,A+,지력,A+
Bring The Fire,ANOTHER,지력,D,지력,D
BroGamer,LEGGENDARIA,개인차,S,지력,S
Broken,ANOTHER,지력,D,지력,D
Broken Sword,ANOTHER,지력,B,지력,B
Burning Flame,LEGGENDARIA,지력,B,지력,B+
CADENZA,ANOTHER,지력,A+,지력,A+
Caldwell 99,LEGGENDARIA,개인차,B,지력,A
Candy Galy,ANOTHER,지력,B,지력,C
CaptivAte～浄化～,LEGGENDARIA,지력,C,지력,C
Carmina,ANOTHER,지력,S,지력,S
Carry Me Away,ANOTHER,지력,E,지력,D
Catch Our Fire!,ANOTHER,지력,D,지력,D
Caterpillar,ANOTHER,개인차,D,개인차,C
Chaotoxin,ANOTHER,지력,C,지력,B
chaplet -IIDX re:build-,ANOTHER,지력,C,지력,C
ChaserXX,LEGGENDARIA,지력,A+,지력,A+
CHRONO DIVER -NORNIR-,LEGGENDARIA,지력,A+,지력,A+
Chrono Diver -PENDULUMs-,ANOTHER,지력,S,지력,S+
cinder,ANOTHER,지력,B,지력,B
Close the World feat.a☆ru,ANOTHER,지력,B,지력,B
Close the World feat.a☆ru,LEGGENDARIA,지력,A,지력,A
CODE:Ø,LEGGENDARIA,지력,A+,개인차,A+
CODE:1 [revision1.0.1],ANOTHER,지력,B,지력,B
Colorful Cookie,ANOTHER,지력,B,지력,B
Colors(radio edit),ANOTHER,지력,E,지력,C
CoMAAAAAAA,LEGGENDARIA,개인차,A+,지력,A+
Concertino in Blue,ANOTHER,지력,E,지력,D
Confiserie,ANOTHER,지력,S,지력,S
CONTRACT,LEGGENDARIA,지력,A+,지력,A+
Cosmic Cat,LEGGENDARIA,지력,C,지력,B
COSMIC RAY,ANOTHER,지력,A,지력,A
COSMIC V3LOCITY,ANOTHER,지력,C,지력,C
Cross Fire,ANOTHER,지력,A,지력,A
CUE CUE RESCUE,LEGGENDARIA,지력,F,지력,F
Cult Invitation,ANOTHER,개인차,A,개인차,A+
Dahlia,ANOTHER,지력,D,지력,B
Dances with Snow Fairies,ANOTHER,지력,B+,지력,B
Dances with Snow Fairies,LEGGENDARIA,지력,S,지력,S
Dans la nuit de l'éternité,ANOTHER,지력,A+,지력,S
DARK LEGACY,ANOTHER,지력,C,지력,B
dAuntl3ss,ANOTHER,지력,C,지력,D
DAY DREAM,ANOTHER,지력,C,개인차,A
DEADHEAT,ANOTHER,지력,B+,지력,B+
DEATH†ZIGOQ～怒りの高速爆走野郎～,ANOTHER,지력,A,지력,A+
DEATH†ZIGOQ～怒りの高速爆走野郎～,LEGGENDARIA,지력,S+,지력,S+
Demon March,ANOTHER,지력,A,지력,A
Despair of ELFERIA,ANOTHER,지력,A,지력,A
destination,ANOTHER,지력,B,지력,C
Devil's Gear,ANOTHER,지력,A,지력,A
Devilz Staircase,ANOTHER,지력,B,지력,B+
DIAMOND CROSSING,ANOTHER,개인차,B+,개인차,A+
DIAVOLO,ANOTHER,개인차,S+,개인차,S+
dica dica,ANOTHER,개인차,D,개인차,C
Disco Killer Music Lover,ANOTHER,지력,D,지력,C
DIVINE JUDGEMENT,ANOTHER,지력,C,지력,C
Do it!! Do it!!,LEGGENDARIA,지력,S+,지력,S
DOMINION,ANOTHER,지력,C,지력,B
Don't believe the hype,ANOTHER,개인차,A,개인차,A+
DORNWALD ～Junge～,ANOTHER,지력,A,지력,A
Double Dribble,ANOTHER,지력,D,지력,D
Dr. Chemical & Killing Machine,ANOTHER,지력,C,지력,C
Drastic Dramatic,ANOTHER,지력,D,지력,D
Drop Syndicate,ANOTHER,지력,B+,지력,B+
DropZ-Line-,ANOTHER,지력,B,지력,B+
DRUNK MONKY,ANOTHER,지력,D,지력,D
DUAL STRIKER,ANOTHER,지력,B,지력,B+
DUE TOMORROW,ANOTHER,개인차,E,개인차,C
Dynamite,ANOTHER,지력,A,개인차,A+
EBONY & IVORY,ANOTHER,지력,C,지력,B
EBONY & IVORY,LEGGENDARIA,지력,A+,지력,S
ECHIDNA,ANOTHER,개인차,A+,개인차,S
Elektrick U-Phoria,LEGGENDARIA,지력,A,지력,A+
Elemental Creation,ANOTHER,지력,S,지력,S
Ember Lights,LEGGENDARIA,개인차,C,개인차,B
EMERALDAS,ANOTHER,지력,S,지력,S
Empire of Fury,ANOTHER,지력,B+,지력,A
encounter,ANOTHER,지력,E,지력,E
entelecheia,ANOTHER,지력,B,지력,C
eRAseRmOToRpHAntOM,ANOTHER,개인차,D,개인차,C
EROICA,ANOTHER,개인차,S,지력,S+
EVANESCENT,ANOTHER,지력,D,지력,D
Evans,ANOTHER,지력,C,지력,C
Everlasting Message,ANOTHER,지력,S,지력,S
EX-MASSIVE FIGHTER,ANOTHER,지력,C,지력,C
EXUSIA,ANOTHER,지력,A,지력,B+
EYE OF THE HEAVEN,ANOTHER,지력,C,지력,C
F,ANOTHER,지력,E,지력,E
FAKE TIME,ANOTHER,개인차,B,개인차,C
fallen leaves -IIDX edition-,ANOTHER,지력,B+,지력,A
FANTASTIC THREE,ANOTHER,지력,C,개인차,B
Fascination MAXX,ANOTHER,개인차,D,개인차,S
Feel The Beat,ANOTHER,지력,D,지력,C
Feel The Beat,LEGGENDARIA,지력,A,지력,S+
Fegrix,ANOTHER,지력,D,지력,C
fffff,ANOTHER,지력,D,지력,C
Fire Beat,ANOTHER,개인차,D,개인차,D
FIRE FIRE,ANOTHER,지력,D,지력,D
fixer,ANOTHER,지력,S,개인차,S
FiZZλ_PØT!OИ,ANOTHER,지력,S,지력,S
Flämingo,ANOTHER,지력,B+,지력,B+
Flashes,ANOTHER,개인차,B,지력,A
Flashes,LEGGENDARIA,지력,A+,지력,A+
FlyAway,ANOTHER,지력,C,지력,C
Flying Castle,ANOTHER,지력,B,지력,B
four pieces of heaven,LEGGENDARIA,지력,A,지력,A+
frequent,ANOTHER,지력,D,지력,D
Friction[!]Function,ANOTHER,지력,C,지력,C
From Human Blood,ANOTHER,지력,C,지력,C
FUZIN RIZIN,ANOTHER,지력,C,지력,C
G59,ANOTHER,지력,A,지력,B+
GAIA,ANOTHER,지력,D,지력,C
GAME ON,ANOTHER,개인차,C,개인차,B
Ganymede,LEGGENDARIA,지력,A,지력,A+
garden,LEGGENDARIA,개인차,D,지력,D
GENE,ANOTHER,지력,B,지력,B
GENE,LEGGENDARIA,지력,A,지력,A+
Ghost Pulse,ANOTHER,지력,C,지력,C
gigadelic,HYPER,지력,E,지력,F
gigadelic,ANOTHER,지력,E,지력,F
GiGaGaHell,ANOTHER,개인차,B+,개인차,A+
glacia,ANOTHER,지력,E,지력,E
Glitch N Ride,ANOTHER,지력,A+,개인차,A+
Go Ahead!!,ANOTHER,지력,S,지력,S+
Go Beyond!!,ANOTHER,지력,D,지력,S+
GO OVER WITH GLARE -ROOTAGE 26-,ANOTHER,지력,S,지력,S
God Mind,ANOTHER,지력,A+,지력,A+
Godspeed,ANOTHER,지력,C,지력,B+
GOLDEN CROSS,ANOTHER,지력,C,지력,C
Grand Chariot,ANOTHER,지력,B+,지력,B+
Gravigazer,ANOTHER,지력,C,지력,C
GRAVITON,ANOTHER,지력,B+,지력,B+
GRID KNIGHT,LEGGENDARIA,개인차,E,지력,E
GUILTY,LEGGENDARIA,지력,B,지력,B+
GuNGNiR,ANOTHER,지력,A,지력,A+
GuNGNiR,LEGGENDARIA,지력,S+,지력,S+
HADES,ANOTHER,지력,A,지력,B+
HAERETICUS,ANOTHER,지력,A,지력,A
HARD BRAIN,ANOTHER,지력,B,지력,C
hard-wired,ANOTHER,지력,S,지력,S
Hat Surprise (Season 2),ANOTHER,지력,E,지력,E
HEROES,ANOTHER,지력,A,개인차,A+
Here We Go Now,ANOTHER,지력,C,지력,C
Highcharge Divolt,ANOTHER,지력,D,지력,D
Hollywood Galaxy,ANOTHER,개인차,B+,지력,A
hora de verdad,ANOTHER,개인차,C,지력,B
HYENA,LEGGENDARIA,지력,A+,지력,A+
HyperTwist,ANOTHER,지력,D,지력,B
I,ANOTHER,지력,B,지력,B
ICARUS,ANOTHER,개인차,E,개인차,C
ICARUS,LEGGENDARIA,지력,S,지력,S+
Idola,ANOTHER,지력,C,지력,C
Ignis†Iræ,ANOTHER,지력,A+,지력,S
Illegal Function Call,LEGGENDARIA,지력,S+,지력,S+
Illusionary Waterlily,ANOTHER,지력,B,지력,B+
IMPLANTATION,ANOTHER,개인차,B,개인차,B
INAZUMA,LEGGENDARIA,개인차,A,지력,A
Inferno of Fomalhaut,ANOTHER,개인차,B+,개인차,A
INHERITANCE,LEGGENDARIA,지력,B,지력,B
Initiation,ANOTHER,지력,A+,지력,A+
innocent revolver,ANOTHER,지력,C,지력,B
Innocent Walls,HYPER,개인차,E,개인차,D
Innocent Walls,ANOTHER,개인차,E,개인차,D
INSOMNIA,ANOTHER,지력,B,지력,B+
Invitation from Mr.C,ANOTHER,지력,C,개인차,B
invoker,ANOTHER,지력,E,지력,E
invoker,LEGGENDARIA,개인차,A+,지력,A+
JOMANDA,ANOTHER,지력,B+,개인차,A
JUSTICE/GUILTY feat. Nana Takahashi & 709sec.,ANOTHER,지력,E,지력,C
KAISER PHOENIX,ANOTHER,지력,A,지력,A+
KAISER PHOENIX,LEGGENDARIA,지력,S,지력,S+
KAMAITACHI,LEGGENDARIA,지력,S+,지력,S+
KILL EACH OTHER,ANOTHER,지력,B,지력,B
KING,LEGGENDARIA,지력,E,지력,D
King of Tribe,ANOTHER,지력,E,지력,D
Konzert V,ANOTHER,지력,C,지력,B
kors k's How to make OTOGE CORE 「LONG」,ANOTHER,지력,B+,지력,A
Kung-fu Empire,LEGGENDARIA,지력,D,지력,C
L.F.O,ANOTHER,지력,C,지력,C
LASER CRUSTER,ANOTHER,지력,E,지력,E
LASER CRUSTER (IGNITE REMIX),ANOTHER,지력,B,지력,B+
Last Dance,ANOTHER,지력,C,지력,C
Lethal Weapon,ANOTHER,지력,C,지력,C
Level 2,ANOTHER,개인차,C,개인차,B+
Level 3,ANOTHER,개인차,A+,개인차,S
Level 4,ANOTHER,개인차,A+,개인차,S
Level 5,ANOTHER,개인차,S,개인차,S+
Level One,ANOTHER,개인차,A,개인차,S
Liberation,ANOTHER,지력,E,지력,D
"Life Is A Game ft.DD""ナカタ""Metal",ANOTHER,지력,A,지력,A
LIGHTNING STRIKES,ANOTHER,지력,E,지력,E
LIGHTNING STRIKES,LEGGENDARIA,지력,A+,지력,S
Lightspeed,ANOTHER,지력,B,지력,B+
Lisa-RICCIA,ANOTHER,지력,E,지력,E
Lisa-RICCIA,LEGGENDARIA,지력,S,지력,S+
Little Little Princess,LEGGENDARIA,지력,B,지력,B
Little Star,ANOTHER,지력,E,지력,E
LIVE DRIVING!! feat. 花たん,ANOTHER,지력,C,지력,C
LOCUS OF THE TRAVEL,ANOTHER,지력,A,지력,A+
Lords Of The Roundtable,ANOTHER,개인차,S,개인차,S
Lost Souls,LEGGENDARIA,지력,S,지력,S
LOST TECHNOLOGIE,ANOTHER,지력,C,지력,B
LOUDER ROLLING THUNDER,ANOTHER,지력,A+,지력,A+
M4K3 1T B0UNC3,ANOTHER,지력,C,지력,C
Mächö Mönky,ANOTHER,지력,B+,지력,A
MAD ATTACK,LEGGENDARIA,개인차,C,개인차,B+
Makin' It,ANOTHER,개인차,S,개인차,S
Mare Nectaris,ANOTHER,지력,S+,지력,S+
Marie Antoinette,LEGGENDARIA,개인차,B+,개인차,B+
MARLIN,ANOTHER,지력,C,지력,B
Matt Silver,ANOTHER,지력,D,지력,D
MAX 300,ANOTHER,지력,B,개인차,B+
MAX 360,ANOTHER,지력,B,지력,B
MAXIMUM CHEAT GIRL,ANOTHER,지력,B,지력,B+
MEGAERA,ANOTHER,지력,S,지력,S
Megalara Garuda,ANOTHER,지력,D,지력,C
Memoria Obscura,ANOTHER,지력,A+,지력,A+
MENDES,ANOTHER,지력,A,지력,A
Meissa,ANOTHER,지력,D,지력,C
Mid-Corner (Magic Maker),ANOTHER,지력,C,지력,B
Million Dollar,ANOTHER,지력,C,지력,B
Miracle 5ympho X,LEGGENDARIA,개인차,A,개인차,S
Monopole.,ANOTHER,지력,B,지력,B+
moon_child,ANOTHER,지력,E,지력,E
mosaic,ANOTHER,개인차,D,개인차,E
n/a,ANOTHER,지력,S+,지력,S+
No Border,ANOTHER,지력,D,지력,D
Nothing but Theory,LEGGENDARIA,지력,D,지력,D
NEO GENERATOR SEVEN,ANOTHER,지력,C,지력,B
neu,ANOTHER,지력,B+,지력,B
New Castle Legions,ANOTHER,개인차,C,개인차,B
NEW GENERATION-もう、お前しか見えない-,LEGGENDARIA,지력,B+,지력,A
Nightmare before oversleep,ANOTHER,지력,C,지력,C
NINJA IS DEAD IIDX ver.,ANOTHER,지력,E,지력,E
NITROUS CANNON,ANOTHER,지력,B,지력,B+
NNRT,ANOTHER,지력,C,지력,C
NOIXIA,ANOTHER,지력,A,지력,A+
NZM,ANOTHER,지력,A+,개인차,A+
O/D*20,LEGGENDARIA,지력,B+,지력,A
ONE AND ONLY,ANOTHER,지력,D,지력,C
One for All,ANOTHER,지력,B,지력,B
One More Lovely,ANOTHER,지력,B+,지력,C
one or eight,ANOTHER,개인차,E,개인차,D
ONIGOROSHI,ANOTHER,개인차,C,개인차,B
oratio,ANOTHER,지력,D,지력,D
ORCA,ANOTHER,지력,B+,지력,B+
OTENAMI Hurricane,ANOTHER,지력,B,지력,B
Out of Control,ANOTHER,지력,D,지력,C
Override,LEGGENDARIA,지력,S,지력,S
Painful Fate,ANOTHER,지력,A,지력,A
Papilio ulysses,ANOTHER,개인차,B,개인차,B+
PARADISE LOST,ANOTHER,지력,A+,지력,A+
PARANOiA ～HADES～,ANOTHER,개인차,B,개인차,A
Pārvatī,ANOTHER,지력,D,지력,D
Peaktime Booster,ANOTHER,개인차,B+,개인차,A
perditus†paradisus,ANOTHER,지력,S,지력,S
PERFECT GREAT!!,ANOTHER,지력,A,지력,A
Persephone,ANOTHER,지력,D,지력,D
Phoenix,LEGGENDARIA,지력,S,지력,S
Pinky Happy Crazy,ANOTHER,개인차,A,지력,B+
Plan 8,ANOTHER,개인차,S+,개인차,S+
PLASMA SOUL NIGHT feat. Nana Takahashi / 709sec.,ANOTHER,지력,B+,지력,B+
Plazma,LEGGENDARIA,지력,C,지력,C
PLEASE DON'T GO,ANOTHER,개인차,C,개인차,C
POLꓘAMAИIA,LEGGENDARIA,지력,A,지력,A+
POSSESSION,ANOTHER,지력,D,개인차,C
Primitive Vibes,ANOTHER,지력,F,지력,F
Proof of the existence,ANOTHER,지력,B,지력,B
PUNISHER,ANOTHER,지력,D,지력,C
Purple Perplex,ANOTHER,개인차,A,개인차,A+
Push on Beats!～音ゲの国のeX-ストリーマー～,ANOTHER,지력,C,지력,B
Quakes,ANOTHER,지력,A+,지력,A+
QUANTUM TELEPORTATION,LEGGENDARIA,지력,B,지력,B
quaver♪,ANOTHER,지력,B,지력,B
quell～the seventh slave～,ANOTHER,지력,A,지력,A
ra'am,ANOTHER,지력,B,개인차,B+
rage against usual,ANOTHER,지력,C,개인차,A+
RAGE feat.H14 of LEONAIR,ANOTHER,개인차,S+,개인차,S+
RALLY '25,ANOTHER,지력,D,지력,D
RAIN,ANOTHER,지력,C,지력,D
Rampage,ANOTHER,지력,D,지력,D
Raspberry Railgun,ANOTHER,지력,E,지력,E
Rave Cannon,ANOTHER,지력,D,지력,D
Rave*it!! Rave*it!!,ANOTHER,개인차,C,개인차,A+
Rave Patroller,ANOTHER,지력,C,지력,D
RED ZONE,LEGGENDARIA,지력,E,지력,E
Red. by Full Metal Jacket,ANOTHER,개인차,B,개인차,A
Red. by Jack Trance,ANOTHER,개인차,A+,개인차,S
Reflux,ANOTHER,개인차,A+,개인차,A+
refrain,ANOTHER,지력,B,지력,B
Regina vespaE,ANOTHER,지력,B,개인차,B+
Resonant,ANOTHER,지력,B+,지력,A
reunion,ANOTHER,지력,B,지력,A
REVOLVER,LEGGENDARIA,지력,A+,개인차,S
RINИE,ANOTHER,지력,C,지력,C
Ristaccia,ANOTHER,지력,F,지력,F
RIZING-GAMERS.,ANOTHER,지력,D,지력,B
Roar of Chronos,ANOTHER,지력,C,지력,C
rommmo,ANOTHER,지력,C,지력,B
ruin of opals,ANOTHER,지력,B,지력,B
RUINA,ANOTHER,개인차,A+,개인차,S
sakura storm,ANOTHER,개인차,F,개인차,E
SAMURAI-Scramble,LEGGENDARIA,개인차,S+,개인차,S+
Satellite Burst,ANOTHER,지력,A+,지력,A+
Saturn,LEGGENDARIA,지력,A+,지력,S
SAY BAY,ANOTHER,지력,C,지력,B
Say YEEEAHH,ANOTHER,지력,D,지력,C
SCREAM SQUAD,ANOTHER,개인차,E,개인차,E
SCREW // owo // SCREW,ANOTHER,개인차,A+,개인차,A+
Scripted Connection⇒ A mix,ANOTHER,지력,D,개인차,C
Scripted Connection⇒ A mix,LEGGENDARIA,개인차,A,지력,A
Scripted Connection⇒ H mix,LEGGENDARIA,지력,D,지력,D
Secrets,LEGGENDARIA,지력,A,지력,A+
Sense 2007,ANOTHER,개인차,C,개인차,B
Session 9-Chronicles-,ANOTHER,지력,B,지력,B+
Seven Times Four,ANOTHER,지력,C,지력,C
Shooting Fireball,ANOTHER,지력,B+,지력,B+
Sigmund,ANOTHER,지력,S,지력,S
Sigmund,LEGGENDARIA,지력,S+,지력,S+
Silver Bullet,ANOTHER,지력,D,지력,C
Sinus Iridum,ANOTHER,지력,S,지력,S+
Sirius,ANOTHER,지력,E,지력,E
SISYPHUS,ANOTHER,개인차,D,개인차,C
Skratch Education Lv-1,ANOTHER,개인차,S+,개인차,S+
Sky High,ANOTHER,지력,B,지력,B+
Slipstream,ANOTHER,지력,B,지력,B+
Smalt #28598F,ANOTHER,지력,B,지력,C
Smashing Wedge,ANOTHER,지력,A+,지력,A+
Snake Stick,ANOTHER,개인차,B+,개인차,A+
Snakey Kung-fu,ANOTHER,지력,B+,개인차,B+
snow storm,LEGGENDARIA,지력,F,지력,F
Sol Cosine Job 2,ANOTHER,지력,C,지력,C
SOLAR ECLIPSE,ANOTHER,지력,A+,개인차,S
SOLID STATE SQUAD,ANOTHER,지력,D,지력,D
SOLID STATE SQUAD,LEGGENDARIA,지력,A,지력,A
SOLID STATE SQUAD -RISEN RELIC REMIX-,ANOTHER,지력,C,지력,C
SOLID WYVERN,LEGGENDARIA,지력,A+,지력,A+
Somnidiscotheque,ANOTHER,지력,S+,지력,S+
Sounds Of Summer,ANOTHER,지력,C,지력,C
Space Battleship S4TØ,ANOTHER,지력,C,지력,C
SpaceLand☆TOYBOX,ANOTHER,지력,D,지력,D
SPECIAL SUMMER CAMPAIGN!,ANOTHER,지력,F,지력,F
spiral galaxy,LEGGENDARIA,지력,C,지력,D
STARLIGHT DANCEHALL,LEGGENDARIA,지력,B+,지력,B+
Steel Edge,ANOTHER,개인차,E,지력,E
STEEL NEEDLE,LEGGENDARIA,개인차,A,지력,S
Stereo Beasts,ANOTHER,지력,D,지력,D
StrayedCatz,ANOTHER,지력,B+,지력,B+
STULTI,ANOTHER,개인차,B+,지력,A
Submerge Serenade,LEGGENDARIA,지력,B+,지력,A
SμG@R RU$#,ANOTHER,지력,S+,지력,S+
Summerlights(IIDX Edition),ANOTHER,지력,E,지력,D
Super Duper Racers,LEGGENDARIA,지력,B,지력,B
Super Freak,ANOTHER,지력,C,지력,C
Super Rush,ANOTHER,지력,B,지력,B
suspicions,ANOTHER,지력,A,지력,A
Sword of Vengeance,ANOTHER,지력,C,지력,C
Symmetry,ANOTHER,지력,E,지력,E
SYNC-ANTHEM,ANOTHER,지력,B+,지력,B
T-REX vs Velociraptor (In the Far east euphoria),ANOTHER,지력,B,지력,B
TECHNO Style Essentials,ANOTHER,지력,C,지력,C
TECHNOPHOBIA,ANOTHER,개인차,A,개인차,A+
THANK YOU FOR PLAYING,LEGGENDARIA,지력,C,지력,B
THE BRAVE MUST DIE,ANOTHER,지력,A,지력,A
The Chase,ANOTHER,개인차,A+,개인차,S
The Clown of 24stairs,ANOTHER,지력,A+,지력,A+
THE DAY OF JUBILATIONS,ANOTHER,지력,C,지력,B
THE DEEP STRIKER,LEGGENDARIA,지력,B,지력,B
THE F∀UST,ANOTHER,지력,A+,지력,A+
The Last Apocalypse,ANOTHER,지력,B,지력,B
The Least 100sec,ANOTHER,지력,D,지력,D
The Limbo,ANOTHER,지력,B+,지력,B
The Limbo,LEGGENDARIA,지력,S+,지력,S+
The Onlyonez,ANOTHER,지력,E,개인차,E
THE PEERLESS UNDER HEAVEN,ANOTHER,개인차,A+,개인차,S
The Rebellion of Sequencer,ANOTHER,지력,A,지력,A
The Sampling Paradise,ANOTHER,지력,D,지력,D
Thor's Hammer,ANOTHER,개인차,A+,개인차,S+
thunder HOUSE NATION Remix,LEGGENDARIA,지력,C,지력,C
Thunderbolt,ANOTHER,지력,D,지력,D
TIEFSEE,ANOTHER,지력,D,지력,D
Tiempo Loco,ANOTHER,지력,A+,지력,A
Time to Air,LEGGENDARIA,개인차,S,개인차,S
Timepiece phase II,ANOTHER,지력,B,지력,B+
Timepiece phase II(CN Ver.),ANOTHER,개인차,S,개인차,S+
TITANS RETURN,LEGGENDARIA,개인차,A+,개인차,S
Todestrieb,ANOTHER,지력,E,지력,D
TOGAKUSHI,ANOTHER,개인차,C,개인차,C
TOMAHAWK,ANOTHER,개인차,A+,개인차,A+
TOXIC VIBRATION,ANOTHER,지력,B+,지력,B+
TRANOID,LEGGENDARIA,지력,S,지력,S
Trill auf G,ANOTHER,지력,D,지력,B+
Triple Cross,ANOTHER,지력,B,지력,B
Triple Counter,ANOTHER,지력,A,지력,A
TRIUMPH,ANOTHER,지력,A,지력,A
TROOPERS,ANOTHER,개인차,E,개인차,D
True Blue,ANOTHER,지력,D,지력,D
Twelfth Style,LEGGENDARIA,지력,B+,지력,B+
u gotta beat,ANOTHER,지력,B,지력,B
Uaigh Gealaí,ANOTHER,지력,A,지력,A
Übertreffen,LEGGENDARIA,지력,B,지력,B+
Umbral,LEGGENDARIA,지력,D,지력,C
Unbelief,ANOTHER,지력,B+,지력,A+
UNDO THE NIGHT,ANOTHER,지력,B+,개인차,A
V,ANOTHER,지력,D,지력,D
Valanga,ANOTHER,지력,B,지력,B
VANESSA,ANOTHER,지력,E,지력,D
VANESSA,LEGGENDARIA,지력,A+,지력,S
Venom,ANOTHER,지력,E,지력,E
Verflucht,ANOTHER,지력,A,지력,A+
Verflucht,LEGGENDARIA,지력,S+,지력,S+
Vermilion Carol,ANOTHER,지력,B,지력,B+
Vinculum stellarum,ANOTHER,지력,C,지력,C
Violet Pulse,LEGGENDARIA,지력,A,지력,A+
Viridian,ANOTHER,지력,C,지력,C
Visterhv,ANOTHER,지력,B+,지력,B+
Vitrum,ANOTHER,지력,B,지력,B
VØID,ANOTHER,지력,A+,개인차,S
VOLAQUAS,ANOTHER,지력,A,지력,A
voltississimo,ANOTHER,지력,A+,지력,A+
VOX UP,ANOTHER,개인차,B,개인차,A+
Vulnerability,ANOTHER,지력,A+,지력,A+
Watch Out Pt.2,ANOTHER,개인차,B,개인차,A
waxing and wanding,LEGGENDARIA,지력,A,지력,A
We're so Happy(P*Light Remix) IIDX ver.,ANOTHER,지력,C,지력,B+
Welcome,LEGGENDARIA,지력,B,지력,B+
Without Heaven,ANOTHER,지력,B,지력,B+
WHA,ANOTHER,개인차,S,개인차,S
WONDER WALKER,ANOTHER,지력,C,지력,C
X,ANOTHER,지력,B,지력,B+
Xb10r,ANOTHER,지력,B+,지력,B+
Xerulean,ANOTHER,지력,S,지력,S
XHRONOXAPSULΞ,ANOTHER,지력,S+,지력,S+
Xlø,ANOTHER,지력,B,지력,A
Xperanza,ANOTHER,지력,B,지력,B+
Y&Co. is dead or alive,ANOTHER,개인차,B,개인차,S
YAKSHA,ANOTHER,지력,B+,지력,B+
yellow head joe,LEGGENDARIA,지력,B,지력,B
Ypsilon,LEGGENDARIA,지력,C,지력,D
ZED,LEGGENDARIA,개인차,A+,개인차,A+
ZEPHYRANTHES,LEGGENDARIA,지력,A,지력,A
Zirkfied,ANOTHER,개인차,A+,지력,A+
ZZ,ANOTHER,개인차,C,지력,D
1116,ANOTHER,지력,B,지력,B+
199024club -Re:BounceKiller-,ANOTHER,개인차,B+,개인차,A
2 Be Continued,ANOTHER,지력,B+,지력,B+
2 Beasts Unchained,ANOTHER,개인차,A,지력,A
24h Endurance Race,ANOTHER,지력,B,개인차,B+
255,ANOTHER,지력,A,개인차,A+
3y3s,ANOTHER,개인차,A,지력,S+
[ ]DENTITY,ANOTHER,지력,A+,지력,A+
紫陽花 -AZISAI-,ANOTHER,지력,D,지력,C
紫陽花 -AZISAI-,LEGGENDARIA,지력,A,개인차,S
アストライアの双皿,ANOTHER,개인차,B,개인차,B
天邪鬼,ANOTHER,지력,D,지력,C
アラビアン ハイパー ナイト,ANOTHER,지력,B,지력,B+
uәn,ANOTHER,지력,A,지력,A
ιgniЯRuina,ANOTHER,지력,A+,지력,A+
イザナミノナゲキ,ANOTHER,지력,C,지력,C
色を喪った街,ANOTHER,지력,A+,지력,S
栄冠のカンパネラ,ANOTHER,지력,S,지력,S
ÆTHER,LEGGENDARIA,지력,D,개인차,C
駅猫のワルツ,ANOTHER,지력,S,지력,S
ΕΛΠΙΣ,ANOTHER,지력,E,지력,E
ΕΛΠΙΣ,LEGGENDARIA,지력,B,지력,B+
焔極OVERKILL,ANOTHER,지력,S,지력,S
Ōu Legends,ANOTHER,지력,C,지력,C
お菓子の王国,ANOTHER,지력,A,지력,A+
お米の美味しい炊き方、そしてお米を食べることによるその効果。,LEGGENDARIA,지력,S,지력,S
音楽,ANOTHER,개인차,A,개인차,A+
Χ-DEN,ANOTHER,지력,S,지력,S+
蛇神,LEGGENDARIA,개인차,A+,지력,S
カゴノトリ～弐式～,ANOTHER,지력,D,지력,E
カジノファイヤーことみちゃん,LEGGENDARIA,개인차,A,지력,S
仮想空間の旅人たち,LEGGENDARIA,지력,A,지력,B+
華蝶風雪,LEGGENDARIA,지력,D,지력,D
がっつり陰キャ!?怪盗いいんちょの億劫^^;,ANOTHER,지력,A+,지력,A+
神っぽいな,LEGGENDARIA,지력,C,지력,B
神のシナリオ,ANOTHER,지력,D,개인차,C
#CMFLG,ANOTHER,지력,D,지력,C
華麗なる大犬円舞曲,ANOTHER,지력,A,지력,A
君のハートにロックオン,LEGGENDARIA,지력,A,지력,A+
キャトられ♥恋はモ～モク,ANOTHER,지력,B+,지력,A
九尾狐夜行,ANOTHER,지력,D,지력,D
共鳴遊戯の華,ANOTHER,지력,S,지력,S
閠槞彁の願い,ANOTHER,지력,A,지력,A
グッバイ宣言,LEGGENDARIA,지력,D,지력,D
クレッシェンド,ANOTHER,지력,C,지력,A
狂イ咲ケ焔ノ華,ANOTHER,지력,D,지력,C
黒髪乱れし修羅となりて,ANOTHER,지력,E,지력,E
恋する☆宇宙戦争っ!!,ANOTHER,지력,D,지력,C
恋する☆宇宙戦争っ!!,LEGGENDARIA,지력,A+,지력,A+
子供の落書き帳,ANOTHER,지력,C,지력,B+
今宵、ロマンス横丁。,ANOTHER,지력,B+,지력,A
金野火織の金色提言,ANOTHER,지력,A,지력,A+
最小三倍完全数,ANOTHER,지력,D,지력,C
逆月,ANOTHER,개인차,B,지력,B+
桜,ANOTHER,개인차,D,개인차,D
#The_Relentless,LEGGENDARIA,지력,S,지력,S
≡＋≡,LEGGENDARIA,지력,S,지력,S
残像ニ繋ガレタ追憶ノHIDEAWAY,ANOTHER,지력,F,지력,F
疾風迅雷,ANOTHER,지력,C,지력,B
疾風迅雷,LEGGENDARIA,지력,S+,지력,S+
シムルグの目醒め,ANOTHER,지력,A+,지력,A+
〆,ANOTHER,지력,D,지력,C
灼熱 Lost Summer Dayz,ANOTHER,지력,E,개인차,B+
灼熱 Pt.2 Long Train Running,ANOTHER,개인차,S+,개인차,S+
灼熱Beach Side Bunny,ANOTHER,개인차,S+,개인차,S+
"灼熱Beach Side Bunny (かめりあ's ""Summertime D'n'B"" Remix)",ANOTHER,개인차,B+,개인차,A
終焔のClaudia,ANOTHER,지력,D,지력,D
シュレーディンガーの猫,ANOTHER,지력,C,지력,C
少年A,ANOTHER,지력,E,지력,D
少年は空を辿る,ANOTHER,지력,B,지력,B+
深淵に捧ぐレクイエム,ANOTHER,지력,C,지력,B
神謳 -RESONANCE-,ANOTHER,지력,B,지력,B
真 地獄超特急 -HELL or HELL-,ANOTHER,개인차,A+,개인차,A+
新宝島,LEGGENDARIA,지력,C,지력,C
水鏡の異界,ANOTHER,개인차,B+,개인차,A
スーパー戦湯ババンバーン,ANOTHER,개인차,C,지력,C
スキッテイエェエエェ!!!!,ANOTHER,지력,A+,지력,S
スパークリング☆彡ハイパーチューン！！,ANOTHER,지력,F,지력,F
聖人の塔,ANOTHER,지력,D,지력,B+
聖人の塔,LEGGENDARIA,지력,S+,지력,S+
世界の果てに約束の凱歌を -ReUnion-,ANOTHER,지력,A,지력,A
雪月花,ANOTHER,개인차,E,개인차,E
雪上断火,ANOTHER,개인차,B,개인차,B+
千年ノ理,ANOTHER,지력,E,지력,F
千年ノ理,LEGGENDARIA,지력,S,지력,A+
旋律のドグマ～Misérables～,ANOTHER,지력,C,지력,C
ぞうしょく！？マイデンティティ,ANOTHER,지력,B+,지력,B+
即席！脳直★ミュージックシステム,ANOTHER,지력,D,지력,C
それは花火のような恋,ANOTHER,지력,C,지력,B
∀,ANOTHER,지력,A+,지력,A+
抱きしめてモナムール,ANOTHER,지력,B+,지력,B+
たまゆら,ANOTHER,지력,B,지력,B
ちょえちょえまぎか,LEGGENDARIA,지력,B+,지력,B+
超青少年ノ為ノ超多幸ナ超古典的超舞曲,LEGGENDARIA,지력,A+,지력,A+
津軽雪,ANOTHER,지력,B+,지력,A
ディスコルディア,ANOTHER,개인차,S,지력,S+
天空の夜明け,ANOTHER,지력,A,지력,A+
電光,ANOTHER,지력,C,지력,C
天使のカンタータ -Cantata of Angels-,ANOTHER,지력,S,지력,S
電人、暁に斃れる。,ANOTHER,지력,D,지력,C
電腦都市,ANOTHER,지력,B,지력,B+
東京神話,ANOTHER,지력,B+,지력,A+
童話回廊,ANOTHER,지력,B,지력,C
轟け！恋のビーンボール！！,ANOTHER,지력,B,지력,B+
トリカゴノ鳳凰,ANOTHER,지력,C,지력,C
IX,ANOTHER,지력,S,지력,S
†渚の小悪魔ラヴリィ～レイディオ†(IIDX EDIT),ANOTHER,지력,B+,지력,B+
嘆きの樹,ANOTHER,지력,S,지력,S
夏色DIARY - L.E.D.-G STYLE MIX -,ANOTHER,지력,C,지력,C
廿,LEGGENDARIA,지력,B,개인차,B+
ハイテックトキオ,LEGGENDARIA,개인차,C,개인차,B
儚キ戀ノ幻想譚,ANOTHER,지력,B,지력,B
伐折羅-vajra-,ANOTHER,지력,A,지력,A
刃図羅,ANOTHER,지력,D,지력,D
バッド・スイーツ、バッド・ドリーム,ANOTHER,개인차,A,개인차,A+
華爛漫-Flowers-,LEGGENDARIA,지력,C,지력,C
"ピアノ協奏曲第1番""蠍火""",ANOTHER,개인차,A,개인차,A
"ピアノ協奏曲第1番""蠍火"" (BlackY Remix)",ANOTHER,지력,A,지력,A
"ピアノ独奏無言歌 ""灰燼""",ANOTHER,개인차,A+,개인차,S
焱影,ANOTHER,개인차,B,개인차,B+
ビビッド ☆＋＊。キラキライム,ANOTHER,지력,C,지력,B
卑弥呼,ANOTHER,지력,S+,지력,S+
表裏一体!?怪盗いいんちょの悩み♥,ANOTHER,지력,D,지력,C
表裏一体!?怪盗いいんちょの悩み♥,LEGGENDARIA,지력,S,지력,S
フォニイ,LEGGENDARIA,지력,E,지력,D
二人ノ廃城幽踊宴,ANOTHER,지력,A,지력,A+
不沈艦CANDY,ANOTHER,지력,B,지력,B
⁽⁽ଘ( ˙꒳˙ )ଓ⁾⁾ beyond reason,ANOTHER,지력,A+,지력,A+
《PL|RAYER》,ANOTHER,지력,E,지력,E
紅牡丹,ANOTHER,지력,E,지력,E
ベンガル vs. アムール Battle,ANOTHER,지력,D,지력,D
烽火連天の刃,ANOTHER,지력,A,개인차,A
烽火連天の刃,LEGGENDARIA,개인차,S,지력,S+
-65℃,ANOTHER,지력,A+,지력,A+
#MAGiCVLGiRL_TRVP_B3VTZ,ANOTHER,지력,B,지력,B
摩天楼,ANOTHER,개인차,B,개인차,B
魔法のかくれんぼ,ANOTHER,개인차,D,개인차,B
未完成ノ蒸氣驅動乙女,ANOTHER,지력,B,지력,B+
禊,ANOTHER,지력,C,지력,C
ミュージック・アワー,LEGGENDARIA,지력,B+,지력,A
ミラージュ･レジデンス,LEGGENDARIA,개인차,B,개인차,B+
魅惑のYUMMYスイーツ,ANOTHER,지력,B,지력,B+
冥,ANOTHER,지력,A,지력,S+
めいさいアイドル☆あいむちゃん♪,ANOTHER,지력,C,지력,C
ラブコメトキドキシリアス,ANOTHER,지력,B,지력,B
龍王の霊廟(Mausoleum Of The Primal Dragon),LEGGENDARIA,지력,C,지력,C
龍と少女とデコヒーレンス,LEGGENDARIA,지력,B,지력,B
リリーゼと炎龍レーヴァテイン,ANOTHER,지력,B,지력,B
恋愛＝精度×認識力,ANOTHER,지력,B,개인차,A+
煉獄のエルフェリア,ANOTHER,지력,A+,지력,S
惑星鉄道,ANOTHER,지력,S+,지력,S+
海神,ANOTHER,개인차,C,개인차,C
海神,LEGGENDARIA,지력,B+,개인차,A
"ワルツ第17番 ト短調""大犬のワルツ""",ANOTHER,개인차,D,개인차,B
